[
  {
    "id": 1,
    "name": "1GB",
    "memory": 1024,
    "disk": 1024,
    "cpu": 30,
    "price": 1000
  },
  {
    "id": 2,
    "name": "2GB",
    "memory": 2048,
    "disk": 2048,
    "cpu": 50,
    "price": 2000
  },
  {
    "id": 3,
    "name": "3GB",
    "memory": 3048,
    "disk": 3048,
    "cpu": 70,
    "price": 3000
  },
  {
    "id": 4,
    "name": "4GB",
    "memory": 4048,
    "disk": 4048,
    "cpu": 90,
    "price": 4000
  },
  {
    "id": 5,
    "name": "5GB",
    "memory": 5048,
    "disk": 5048,
    "cpu": 110,
    "price": 5000
  },
  {
    "id": 6,
    "name": "6GB",
    "memory": 6048,
    "disk": 6048,
    "cpu": 130,
    "price": 6000
  },
  {
    "id": 7,
    "name": "7GB",
    "memory": 7048,
    "disk": 7048,
    "cpu": 130,
    "price": 7000
  },
  {
    "id": 8,
    "name": "8GB",
    "memory": 8048,
    "disk": 8048,
    "cpu": 150,
    "price": 8000
  },
  {
    "id": 9,
    "name": "9GB",
    "memory": 9048,
    "disk": 9048,
    "cpu": 170,
    "price": 9000
  },
  {
    "id": 10,
    "name": "10GB",
    "memory": 10048,
    "disk": 10048,
    "cpu": 190,
    "price": 10000
  },
  {
    "id": 11,
    "name": "Unlimited",
    "memory": 0,
    "disk": 0,
    "cpu": 0,
    "price": 0
  }
]